pmid,doi,title,authors,year,journal,is_research_article,citation_count,field_citation_rate,expected_citations_per_year,citations_per_year,relative_citation_ratio,nih_percentile,human,animal,molecular_cellular,x_coord,y_coord,apt,is_clinical,cited_by_clin,cited_by,references,provisional
1,10.1080/07481187.2018.1522386,Do you remember being told what happened to grandma? The role of early socialization on later coping with death.,"Lucia Martinčeková, Matthew J Jiang, Jamal D Adams, David Menendez, Iseli G Hernandez, Gregory Barber, Karl S Rosengren",2020,Death Stud,TRUE,1,1.38492749835786,0.99999999987523,1,,,1,0,0,0,1,0.5,FALSE,,31140591,3 ,No
2,10.1111/bjd.18035,A narrative review of the definition of 'flare' in hidradenitis suppurativa.,"J S Kirby, B Moore, P Leiphart, K Shumaker, A Mammis-Gierbolini, F Benhadou, V Del Marmol",2020,Br. J. Dermatol.,FALSE,3,2.24285382883711,0.99999999987523,3,,,1,0,0,0,1,0.5,FALSE,,31736161 31168883 31583685,4 ,No
3,10.1111/cdev.13263,Embracing Death: Mexican Parent and Child Perspectives on Death.,"Isabel T Gutiérrez, David Menendez, Matthew J Jiang, Iseli G Hernandez, Peggy Miller, Karl S Rosengren",2020,Child Dev,TRUE,1,1.49271566716376,0.99999999987523,1,,,1,0,0,0,1,0.5,FALSE,,30541397,1 ,No
4,10.1111/bjd.18210,"Periodic worsening, or flare, in hidradenitis suppurativa: the perspective of people with hidradenitis.","A Sarfo, M Butt, J S Kirby",2020,Br. J. Dermatol.,TRUE,3,2.86604525327928,0.99999999987523,3,,,1,0,0,0,1,0.75,FALSE,,31025310 31630436 31736161,2 ,No
5,10.1007/s12028-019-00750-3,Worldwide Organization of Neurocritical Care: Results from the PRINCE Study Part 1.,"Jose I Suarez, Renee H Martin, Colleen Bauza, Alexandros Georgiadis, Chethan P Venkatasubba Rao, Eusebia Calvillo, J Claude Hemphill, Gene Sung, Mauro Oddo, Fabio Silvio Taccone, Peter D LeRoux",2020,Neurocrit Care,TRUE,3,4.17469861639569,0.99999999987523,3,,,1,0,0,0,1,0.75,FALSE,,32043264 31571177 31486027,15 ,No
6,10.1111/apa.14934,Pulse oximetry screening in a midwifery-led maternity setting with high antenatal detection of congenital heart disease.,"Elza Cloete, Thomas L Gentles, Dianne R Webster, Sarka Davidkova, Lesley A Dixon, Jane M Alsweiler, Frank H Bloomfield",2020,Acta Paediatr.,TRUE,2,3.90500803949219,0.99999999987523,2,,,1,0,0,0,1,0.75,FALSE,,31332832 31298757,9 ,No
7,10.1002/uog.20401,Development and validation of predictive models for QUiPP App v.2: tool for predicting preterm birth in asymptomatic high-risk women.,"H A Watson, P T Seed, J Carter, N L Hezelgrave, K Kuhrt, R M Tribe, A H Shennan",2020,Ultrasound Obstet Gynecol,TRUE,2,3.45941704230232,0.99999999987523,2,,,1,0,0,0,1,0.75,FALSE,,31385343 31595684,10 ,No
8,10.1093/sleep/zsz163,Microsleep episodes in the borderland between wakefulness and sleep.,"Anneke Hertig-Godeschalk, Jelena Skorucak, Alexander Malafeev, Peter Achermann, Johannes Mathis, David R Schreier",2020,Sleep,TRUE,3,4.34538553587332,0.99999999987523,3,,,1,0,0,0,1,0.75,FALSE,,32038155 31680822 31559424,21 ,No
9,10.1111/apa.14946,Newborn pulse oximetry screening in the context of a high antenatal detection rate of critical congenital heart disease.,"Elza Cloete, Frank H Bloomfield, Sharnie A Cassells, Monique W M de Laat, Lynn Sadler, Thomas L Gentles",2020,Acta Paediatr.,TRUE,1,4.79717954746569,0.99999999987523,1,,,1,0,0,0,1,0.5,FALSE,,31298757,6 ,No
10,10.1002/uog.20422,Development and validation of predictive models for QUiPP App v.2: tool for predicting preterm birth in women with symptoms of threatened preterm labor.,"J Carter, P T Seed, H A Watson, A L David, J Sandall, A H Shennan, R M Tribe",2020,Ultrasound Obstet Gynecol,TRUE,1,3.71109000147602,0.99999999987523,1,,,1,0,0,0,1,0.75,FALSE,,31325332,7 ,No
11,10.1111/ejn.14540,The Bayesian-Laplacian brain.,"Semir Zeki, Oliver Y Chén",2020,Eur. J. Neurosci.,FALSE,2,3.56305509265086,0.99999999987523,2,,,1,0,0,0,1,0.25,FALSE,,31437870 32143516,14 ,No
12,10.1097/ACM.0000000000002940,Investigating Group Differences in Examinees' Preparation for and Performance on the New MCAT Exam.,"Jorge A Girotti, Julie A Chanatry, Daniel M Clinchot, Stephanie C McClure, Aubrie Swan Sein, Ian W Walker, Cynthia A Searcy",2020,Acad Med,TRUE,3,4.72823466905652,0.99999999987523,3,,,1,0,0,0,1,0.25,FALSE,,32097142 31764084 31425184,13 ,No
13,10.1097/ACM.0000000000002939,The Consequences of Structural Racism on MCAT Scores and Medical School Admissions: The Past Is Prologue.,"Catherine Reinis Lucey, Aaron Saguil",2020,Acad Med,TRUE,4,4.98863804701132,0.99999999987523,4,,,1,0,0,0,1,0.25,FALSE,,31971695 31425183 32097142 31764084,12 ,No
14,10.1111/ejn.14557,The biological basis of the experience and categorization of colour.,"Semir Zeki, Alexandre Javier, Dimitris Mylonas",2020,Eur. J. Neurosci.,TRUE,1,4.76334964297515,0.99999999987523,1,,,1,0,0,0,1,0.25,FALSE,,31397945,11 ,No
15,10.1007/s12028-019-00835-z,Global Survey of Outcomes of Neurocritical Care Patients: Analysis of the PRINCE Study Part 2.,"Chethan P Venkatasubba Rao, Jose I Suarez, Renee H Martin, Colleen Bauza, Alexandros Georgiadis, Eusebia Calvillo, J Claude Hemphill, Gene Sung, Mauro Oddo, Fabio Silvio Taccone, Peter D LeRoux",2020,Neurocrit Care,TRUE,3,3.63000415917617,0.99999999987523,3,,,1,0,0,0,1,0.75,FALSE,,32043264 31175567 31571177,5 ,No
16,10.1177/1039856219871883,Building capacity for child and adolescent mental health and psychiatry in Papua New Guinea.,"Nick Kowalenko, Monica Hagali, Benjamin Hoadley",2020,Australas Psychiatry,TRUE,1,4.04694542319129,0.99999999987523,1,,,1,0,0,0,1,0.25,FALSE,,31526185,19 ,No
17,10.1056/NEJMe1912032,Vaping-Induced Acute Lung Injury.,David C Christiani,2020,N. Engl. J. Med.,FALSE,23,5.49678683346728,0.99999999987523,23,,,1,0,0,0,1,0.75,FALSE,,31767670 31530535 31613146 32042584 31886159 32025438 31803927 31787111 32205381 32030277 32284675 32225020 31753841 32019055 31732284 31827996 31675308 31820270 31855658 32230711 31615820 32071854 31501087,18 ,No
18,10.1056/NEJMoa1911614,Pulmonary Illness Related to E-Cigarette Use in Illinois and Wisconsin - Final Report.,"Jennifer E Layden, Isaac Ghinai, Ian Pray, Anne Kimball, Mark Layer, Mark W Tenforde, Livia Navon, Brooke Hoots, Phillip P Salvatore, Megan Elderbrook, Thomas Haupt, Jeffrey Kanne, Megan T Patel, Lori Saathoff-Huber, Brian A King, Josh G Schier, Christina A Mikosz, Jonathan Meiman",2020,N. Engl. J. Med.,TRUE,98,3.97591424117461,0.99999999987523,98,,,1,0,0,0,1,0.95,FALSE,,31767670 31713797 31664162 32029647 31581168 31747503 31687923 31806720 32343947 31581166 32225020 31647788 31715629 31778010 31889946 31848205 31513561 31938636 31827663 32309002 31966026 31991538 31623202 32082049 31577870 31834620 31613146 32156732 32025438 31491070 31532955 32337216 31860785 32052011 32193828 31654460 31801823 31885951 32148093 31827774 31908196 31899968 31755837 31960260 31590182 31539466 31651033 31675308 31747506 31855658 32230711 32101656 31930631 31501087 32045489 32082682 31842218 31951806 31911735 32157289 31621873 31892921 31985892 32351806 31976113 31491073 31753841 31899452 31570493 32256280 31751322 31827996 32168438 32186411 31830007 32260052 31802719 31697311 31897566 31615306 32140332 31956478 31990264 31491071 31633675 31992985 32030277 31860794 31714032 31826344 32019055 32125258 31646929 31847850 31890417 32250431 31715190 32071854,57 ,No
19,10.1177/1039856219871893,Pasifika Study Group: a child and adolescent mental health capacity building and leadership workshop with Pacific nations doctors and psychiatrists.,"Paul Robertson, Monica Hagali, Myrielle Allen, George Leao-Tuitama, Nick Kowalenko, Allister Bush",2020,Australas Psychiatry,TRUE,2,3.62346865286349,0.99999999987523,2,,,1,0,0,0,1,0.25,FALSE,,31526185 31486670,20 ,No
20,10.1177/1039856219875058,Child and Adolescent Psychiatry International Relations (CAPIR): building bridges for psychiatry workforce capacity with Pacific Island nations.,"Nick Kowalenko, Odille Chang, Monica Hagali, Myrielle Allen, Jimmy Obed, Alistair Bush, Paul Robertson",2020,Australas Psychiatry,TRUE,1,0.528237857432081,0.99999999987523,1,,,1,0,0,0,1,0.25,FALSE,,31523987,16 19 ,No
21,10.1093/sleep/zsz225,Automatic detection of microsleep episodes with feature-based machine learning.,"Jelena Skorucak, Anneke Hertig-Godeschalk, David R Schreier, Alexander Malafeev, Johannes Mathis, Peter Achermann",2020,Sleep,TRUE,2,3.37677314103764,0.99999999987523,2,,,1,0,0,0,1,0.75,FALSE,,31328230 32038155,8 ,No
22,10.1007/s12028-019-00858-6,Neurocritical Care: A Growing International Collaborative.,"Andreas H Kramer, Philippe Couillard",2020,Neurocrit Care,FALSE,0,,,0,,,1,0,0,0,1,0.05,FALSE,,,15 5 ,No
23,10.1007/s40262-019-00825-6,A Preterm Physiologically Based Pharmacokinetic Model. Part I: Physiological Parameters and Model Building.,"Khaled Abduljalil, Xian Pan, Amita Pansari, Masoud Jamei, Trevor N Johnson",2020,Clin Pharmacokinet,TRUE,2,2.81891138740013,0.99999999987523,2,,,1,0,0,0,1,0.75,FALSE,,32082165 31587145,24 ,No
24,10.1007/s40262-019-00827-4,Preterm Physiologically Based Pharmacokinetic Model. Part II: Applications of the Model to Predict Drug Pharmacokinetics in the Preterm Population.,"Khaled Abduljalil, Xian Pan, Amita Pansari, Masoud Jamei, Trevor N Johnson",2020,Clin Pharmacokinet,TRUE,2,2.39792476672877,0.99999999987523,2,,,1,0,0,0,1,0.75,FALSE,,31583613 31729044,23 ,No
25,10.3399/bjgp19X706097,Acceptability of a primary care-based opioid and pain review service: a mixed-methods evaluation in England.,"Joanna M Kesten, Kyla Thomas, Lauren J Scott, Kevin Bache, Matthew Hickman, Rona Campbell, Anthony E Pickering, Sabi Redwood",2020,Br J Gen Pract,TRUE,1,4.01365173685764,0.99999999987523,1,,,1,0,0,0,1,0.75,FALSE,,31791939,42 ,No
26,10.1002/uog.21892,Outcome of twin pregnancy with two live fetuses at 11-13 weeks' gestation.,"E Litwinska, A Syngelaki, B Cimpoca, L Frei, K H Nicolaides",2020,Ultrasound Obstet Gynecol,TRUE,3,1.86900248058713,0.99999999987523,3,,,1,0,0,0,1,0.75,FALSE,,31762144 31710737 31773823,31 36 39 ,No
27,10.1259/bjr.20190590,Status and innovations in pre-treatment CT imaging for proton therapy.,"Patrick Wohlfahrt, Christian Richter",2020,Br J Radiol,FALSE,3,2.88835203320214,0.99999999987523,3,,,1,0,0,0,1,0.75,FALSE,,31794249 32081045 32037543,110 ,No
28,10.1093/ajcp/aqz191,Vaping-Associated Lung Injury.,"Jennifer M Boland, Scott W Aesif",2020,Am. J. Clin. Pathol.,FALSE,1,3.51052712555703,0.99999999987523,1,,,1,0,0,0,1,0.5,FALSE,,31753841,18 ,No
29,10.1148/radiol.2019192073,Vaping-associated Lung Disease.,"Jacob W Sechrist, Jeffrey P Kanne",2020,Radiology,TRUE,1,3.43147757441756,0.99999999987523,1,,,1,0,0,0,1,0.5,FALSE,,32125258,18 ,No
30,10.1016/j.pec.2019.10.016,Individuation and implicit racial bias in genetic counseling communication.,"Chenery Lowe, Mary Catherine Beach, Debra L Roter",2020,Patient Educ Couns,TRUE,3,4.62349982435673,0.99999999987523,3,,,1,0,0,0,1,0.75,FALSE,,32144859 32234840 32147815,160 ,No
31,10.1002/uog.21923,Intertwin discordance in fetal size at 11-13 weeks' gestation and pregnancy outcome.,"E Litwinska, A Syngelaki, B Cimpoca, I Sapantzoglou, K H Nicolaides",2020,Ultrasound Obstet Gynecol,TRUE,3,2.83604766640188,0.99999999987523,3,,,1,0,0,0,1,0.75,FALSE,,31613412 31762144 31788879,26 36 39 ,No
32,10.1056/NEJMoa1911425,A Controlled Trial of Rivaroxaban after Transcatheter Aortic-Valve Replacement.,"George D Dangas, Jan G P Tijssen, Jochen Wöhrle, Lars Søndergaard, Martine Gilard, Helge Möllmann, Raj R Makkar, Howard C Herrmann, Gennaro Giustino, Stephan Baldus, Ole De Backer, Ana H C Guimarães, Lars Gullestad, Annapoorna Kini, Dirk von Lewinski, Michael Mack, Raúl Moreno, Ulrich Schäfer, Julia Seeger, Didier Tchétché, Karen Thomitzek, Marco Valgimigli, Pascal Vranckx, Robert C Welsh, Peter Wildgoose, Albert A Volkl, Ana Zazula, Ronald G M van Amsterdam, Roxana Mehran, Stephan Windecker",2020,N. Engl. J. Med.,TRUE,10,8.34380148248752,0.99999999987523,10,,,1,0,0,0,1,0.95,TRUE,31733182,32077477 31826676 31733182 31906546 31811725 32223114 31953535 32121387 32223116 31914247,33 ,No
33,10.1056/NEJMoa1911426,Reduced Leaflet Motion after Transcatheter Aortic-Valve Replacement.,"Ole De Backer, George D Dangas, Hasan Jilaihawi, Jonathon A Leipsic, Christian J Terkelsen, Raj Makkar, Annapoorna S Kini, Karsten T Veien, Mohamed Abdel-Wahab, Won-Keun Kim, Prakash Balan, Nicolas Van Mieghem, Ole N Mathiassen, Raban V Jeger, Martin Arnold, Roxana Mehran, Ana H C Guimarães, Bjarne L Nørgaard, Klaus F Kofoed, Philipp Blanke, Stephan Windecker, Lars Søndergaard",2020,N. Engl. J. Med.,TRUE,5,9.81964294730057,0.99999999987523,5,,,1,0,0,0,1,0.75,TRUE,31733180,31826676 32223114 31733180 32225097 31914247,32 ,No
34,10.1111/jdv.16093,Flares in hidradenitis suppurativa in treatment with adalimumab.,"R D Caposiena Caro, L Bianchi",2020,J Eur Acad Dermatol Venereol,FALSE,0,,,0,,,1,0,0,0,1,0.05,FALSE,,,2 4 ,No
35,10.1056/NEJMc1914980,More on the Pathology of Vaping-Associated Lung Injury.,"Lily Marsden, Zachary D Michalicek, Erik D Christensen",2020,N. Engl. J. Med.,FALSE,0,,,0,,,1,0,0,0,1,0.05,FALSE,,,18 ,No
36,10.1002/uog.21925,Twin pregnancy with two live fetuses at 11-13 weeks: effect of one fetal death on pregnancy outcome.,"B Cimpoca, A Syngelaki, A Chi Mu, E Savvoulidou, K H Nicolaides",2020,Ultrasound Obstet Gynecol,TRUE,2,3.5380353594291,0.99999999987523,2,,,1,0,0,0,1,0.75,FALSE,,31613412 31710737,26 39 31 ,No
37,10.1097/ACM.0000000000003091,"Leveraging the Medical School Admissions Process to Foster a Smart, Humanistic, and Diverse Physician Workforce.",Richard M Schwartzstein,2020,Acad Med,FALSE,1,5.08081789861137,0.99999999987523,1,,,1,0,0,0,1,0.25,FALSE,,32097142,12 13 ,No
38,10.1136/postgradmedj-2019-137185,"Vaping-associated lung injury-VALI facts, assumptions and opportunities: review of the present situation.",Gabor Zoltan Xantus,2020,Postgrad Med J,FALSE,0,,,0,,,1,0,0,0,1,0.05,FALSE,,,17 18 ,No
39,10.1002/uog.21935,Increased nuchal translucency at 11-13 weeks' gestation and outcome in twin pregnancy.,"B Cimpoca, A Syngelaki, E Litwinska, A Muzaferovic, K H Nicolaides",2020,Ultrasound Obstet Gynecol,TRUE,4,2.77944107031026,0.99999999987523,4,,,1,0,0,0,1,0.75,FALSE,,31613412 31762144 31788879 31710737,26 ,No
40,10.1111/hex.13007,Exploring the potential use of patient and public involvement to strengthen Indonesian mental health care for people with psychosis: A qualitative exploration of the views of service users and carers.,"Herni Susanti, Karen James, Bagus Utomo, Budi-Anna Keliat, Karina Lovell, I Irmansyah, Diana Rose, Erminia Colucci, Helen Brooks",2020,Health Expect,TRUE,2,2.82993064721881,0.99999999987523,2,,,1,0,0,0,1,0.5,FALSE,,32175004 32295558,167 ,No
41,10.1002/uog.21938,Diagnosis of fetal defects in twin pregnancies at routine 11-13-week ultrasound examination.,"A Syngelaki, B Cimpoca, E Litwinska, R Akolekar, K H Nicolaides",2020,Ultrasound Obstet Gynecol,TRUE,0,,,0,,,1,0,0,0,1,0.05,FALSE,,,39 31 ,No
42,10.3399/bjgp19X707237,Evaluation of a primary care-based opioid and pain review service: a mixed-methods evaluation in two GP practices in England.,"Lauren J Scott, Joanna M Kesten, Kevin Bache, Matthew Hickman, Rona Campbell, Anthony E Pickering, Sabi Redwood, Kyla Thomas",2020,Br J Gen Pract,TRUE,3,4.37989749139512,0.99999999987523,3,,,1,0,0,0,1,0.75,FALSE,,31594772 32223746 32001453,25 ,No
43,10.1007/s00330-019-06528-7,Multinational data on cumulative radiation exposure of patients from recurrent radiological procedures: call for action.,"Marco Brambilla, Jenia Vassileva, Agnieszka Kuchcinska, Madan M Rehani",2020,Eur Radiol,TRUE,3,3.8620722177978,0.99999999987523,3,,,1,0,0,0,1,0.5,FALSE,,31844985 31792584 31792585,44 45 ,No
44,10.1007/s00330-019-06551-8,"Patients undergoing recurrent CT exams: assessment of patients with non-malignant diseases, reasons for imaging and imaging appropriateness.","Madan M Rehani, Emily R Melick, Raza M Alvi, Ruhani Doda Khera, Salma Batool-Anwar, Tomas G Neilan, Michael Bettmann",2020,Eur Radiol,TRUE,5,3.79989029807329,0.99999999987523,5,,,1,0,0,0,1,0.5,FALSE,,31792583 31844985 31883346 31792585 32002638,43 45 ,No
45,10.1007/s00330-019-06523-y,Patients undergoing recurrent CT scans: assessing the magnitude.,"Madan M Rehani, Kai Yang, Emily R Melick, John Heil, Dušan Šalát, William F Sensakovic, Bob Liu",2020,Eur Radiol,TRUE,7,3.87000971586264,0.99999999987523,7,,,1,0,0,0,1,0.75,FALSE,,31792583 31844985 31792584 31883346 31947954 32020401 32002638,43 44 ,No
46,10.1038/s41375-019-0645-z,Single agent talacotuzumab demonstrates limited efficacy but considerable toxicity in elderly high-risk MDS or AML patients failing hypomethylating agents.,"Anne Sophie Kubasch, Freya Schulze, Aristoteles Giagounidis, Katharina S Götze, Jan Krönke, Katja Sockel, Jan Moritz Middeke, Fatiha Chermat, Silke Gloaguen, Martin Puttrich, Carmen Weigt, Doreen William, Pierre Fenaux, Richard F Schlenk, Christian Thiede, Sebastian Stasik, Anna Mies, Lionel Adès, Uta Oelschlägel, Uwe Platzbecker",2020,Leukemia,TRUE,2,7.58822129927714,0.99999999987523,2,,,1,0,0,0,1,0.75,FALSE,,32203138 32078008,189 ,No
47,10.1097/NMC.0000000000000598,Complications of Cesarean Birth: Clinical Recommendations for Prevention and Management.,"Carol Burke, Roma Allen",2020,MCN Am J Matern Child Nurs,TRUE,1,,,1,,,1,0,0,0,1,0.25,FALSE,,32097221,142 ,No
48,10.1007/s00117-019-00616-x,[A primer on machine learning].,"Jens Kleesiek, Jacob M Murray, Christian Strack, Georgios Kaissis, Rickmer Braren",2020,Radiologe,FALSE,2,3.96861907120268,0.99999999987523,2,,,1,0,0,0,1,0.5,FALSE,,32052114 31820014,49 ,No
49,10.1007/s00117-019-00617-w,[A primer on radiomics].,"Jacob M Murray, Georgios Kaissis, Rickmer Braren, Jens Kleesiek",2020,Radiologe,FALSE,2,3.58873547844936,0.99999999987523,2,,,1,0,0,0,1,0.5,FALSE,,32052114 31811324,48 ,No
50,10.1016/j.radcr.2019.11.003,Vaping-associated pulmonary disease (VAPD): An unusual pattern of CT findings.,"Michael J Drabkin, Bert Heyligers",2020,Radiol Case Rep,TRUE,0,,,0,,,1,0,0,0,1,0.05,FALSE,,,18 ,No
51,10.1002/dmrr.3262,Treatment of lower limb ischaemia in patients with diabetes.,"Edward Choke, Tjun Y Tang, Shin C Cheng, Jia S Tay",2020,Diabetes Metab. Res. Rev.,TRUE,0,,,0,,,1,0,0,0,1,0.05,FALSE,,,92 177 175 ,No
52,10.1080/00365513.2019.1700426,An experimental study of methods for the analysis of variance components in the inference of laboratory information.,"Anders Kallner, Elvar Theodorsson",2020,Scand. J. Clin. Lab. Invest.,TRUE,1,0.618942003587262,0.99999999987523,1,,,1,0,0,0,1,0.25,FALSE,,31899972,67 ,No
53,10.1002/dmrr.3237,State of the art design protocol for custom made footwear for people with diabetes and peripheral neuropathy.,"Sicco A Bus, Jennefer B Zwaferink, Rutger Dahmen, Tessa Busch-Westbroek",2020,Diabetes Metab. Res. Rev.,TRUE,3,2.75527249216464,0.99999999987523,3,,,1,0,0,0,1,0.75,FALSE,,32176451 32176443 31845547,169 171 177 90 ,No
54,10.1097/PHM.0000000000001370,The Randomized Controlled Trials Rehabilitation Checklist: Methodology of Development of a Reporting Guideline Specific to Rehabilitation.,"Stefano Negrini, Susan Armijo-Olivo, Michele Patrini, Walter R Frontera, Allen W Heinemann, Wendy Machalicek, John Whyte, Chiara Arienti",2020,Am J Phys Med Rehabil,TRUE,2,1.44016291051988,0.99999999987523,2,,,1,0,0,0,-0.75,0.05,FALSE,,32093464 31860591,56 ,No
55,10.1002/dmrr.3259,Mobility advice to help prevent re-ulceration in diabetes.,Michael J Mueller,2020,Diabetes Metab. Res. Rev.,TRUE,1,11.8442552946661,0.99999999987523,1,,,1,0,0,0,1,0.5,FALSE,,32176443,177 ,No
56,10.1097/PHM.0000000000001374,In Search of Solutions for Evidence Generation in Rehabilitation: The Second Cochrane Rehabilitation Methodology Meeting.,"Stefano Negrini, Thorsten Meyer Psy, Chiara Arienti, Antti Malmivaara, Walter R Frontera",2020,Am J Phys Med Rehabil,FALSE,2,2.42072925026975,0.99999999987523,2,,,1,0,0,0,-0.75,0.05,FALSE,,32093464 31851008,54 ,No
57,10.1056/NEJMsr1915313,"Syndromic Surveillance for E-Cigarette, or Vaping, Product Use-Associated Lung Injury.","Kathleen P Hartnett, Aaron Kite-Powell, Megan T Patel, Brittani L Haag, Michael J Sheppard, Taylor P Dias, Brian A King, Paul C Melstrom, Matthew D Ritchey, Zachary Stein, Nimi Idaikkadar, Alana M Vivolo-Kantor, Dale A Rose, Peter A Briss, Jennifer E Layden, Loren Rodgers, Jennifer Adjemian",2020,N. Engl. J. Med.,TRUE,5,3.98992812216296,0.99999999987523,5,,,1,0,0,0,1,0.95,FALSE,,31971930 31971931 32260052 31491072 32134907,18 ,No
58,10.1136/rapm-2019-100592,Hypospadias repair and caudal analgesia: biases and myths hinder meaningful meta-analysis.,"Bishr Haydar, Karen Freed",2020,Reg Anesth Pain Med,FALSE,1,2.27946283092095,0.99999999987523,1,,,1,0,0,0,1,0.5,FALSE,,31879370,59 ,No
59,10.1136/rapm-2019-101020,Response to 'Hypospadias repair and caudal analgesia: biases and myths hinder meaningful meta-analysis' by Haydar and Freed.,"Change Zhu, Saiji Zhang",2020,Reg Anesth Pain Med,FALSE,1,1.83198748342457,0.99999999987523,1,,,1,0,0,0,1,0.5,FALSE,,31879368,58 ,No
60,10.1016/j.neuroimage.2019.116490,Memory quality modulates the effect of aging on memory consolidation during sleep: Reduced maintenance but intact gain.,"Beate E Muehlroth, Myriam C Sander, Yana Fandakova, Thomas H Grandy, Björn Rasch, Yee Lee Shing, Markus Werkle-Bergner",2020,Neuroimage,TRUE,1,5.8481796461959,0.99999999987523,1,,,1,0,0,0,1,0.25,FALSE,,31930523,78 ,No
61,10.15585/mmwr.mm685152e2,"Update: Interim Guidance for Health Care Professionals Evaluating and Caring for Patients with Suspected E-cigarette, or Vaping, Product Use-Associated Lung Injury and for Reducing the Risk for Rehospitalization and Death Following Hospital Discharge - United States, December 2019.","Mary E Evans, Evelyn Twentyman, Eleanor S Click, Alyson B Goodman, David N Weissman, Emily Kiernan, Susan Adkins Hocevar, Christina A Mikosz, Melissa Danielson, Kayla N Anderson, Sascha Ellington, Matthew J Lozier, Lori A Pollack, Dale A Rose, Vikram Krishnasamy, Christopher M Jones, Peter Briss, Brian A King, Jennifer L Wiltz",2020,MMWR Morb. Mortal. Wkly. Rep.,FALSE,4,2.80364670691646,0.99999999987523,4,,,1,0,0,0,1,0.5,TRUE,,31945038 31900244 31895917 32230711,62 ,No
62,10.15585/mmwr.mm685152e1,"Characteristics of Patients Experiencing Rehospitalization or Death After Hospital Discharge in a Nationwide Outbreak of E-cigarette, or Vaping, Product Use-Associated Lung Injury - United States, 2019.","Christina A Mikosz, Melissa Danielson, Kayla N Anderson, Lori A Pollack, Dustin W Currie, Rashid Njai, Mary E Evans, Alyson B Goodman, Evelyn Twentyman, Jennifer L Wiltz, Dale A Rose, Vikram Krishnasamy, Brian A King, Christopher M Jones, Peter Briss, Matthew Lozier, Sascha Ellington",2020,MMWR Morb. Mortal. Wkly. Rep.,TRUE,4,2.93297491020564,0.99999999987523,4,,,1,0,0,0,1,0.5,FALSE,31895915,31895915 31900244 31971931 32230711,61 ,No
63,10.1002/14651858.CD013051.pub2,Topical antibiotics for chronic suppurative otitis media.,"Christopher G Brennan-Jones, Karen Head, Lee-Yee Chong, Martin J Burton, Anne Gm Schilder, Mahmood F Bhutta",2020,Cochrane Database Syst Rev,FALSE,2,1.584780347679,0.99999999987523,2,,,1,0,0,0,1,0.75,FALSE,,31902139 31902140,70 71 ,No
64,10.3758/s13423-019-01693-8,Recognition-induced forgetting of schematically related pictures.,"Paul S Scotti, Laura Janakiefski, Ashleigh M Maxcey",2020,Psychon Bull Rev,TRUE,2,3.20722213306208,0.99999999987523,2,,,1,0,0,0,1,0.25,FALSE,,32096069 32034720,109 ,No
65,10.2196/15684,Health Effects Associated With Electronic Cigarette Use: Automated Mining of Online Forums.,"My Hua, Shouq Sadah, Vagelis Hristidis, Prue Talbot",2020,J. Med. Internet Res.,TRUE,0,,,0,,,1,0,0,0,1,0.05,FALSE,,,18 ,No
66,10.1080/15563650.2019.1709644,Challenges with uptake of critical health messages to healthcare providers during an outbreak of a novel health condition.,"James B Leonard, Bruce D Anderson, Monique Duwell",2020,Clin Toxicol (Phila),TRUE,0,,,0,,,1,0,0,0,1,0.05,FALSE,,,18 ,No
67,10.1080/00365513.2019.1710243,Repeatability imprecision from analysis of duplicates of patient samples and control materials.,"Anders Kallner, Elvar Theodorsson",2020,Scand. J. Clin. Lab. Invest.,TRUE,1,1.02201399362914,0.99999999987523,1,,,1,0,0,0,1,0.5,FALSE,,31841049,52 ,No
68,10.1136/bmjopen-2019-031160,Unravelling the role of leadership in motivation of health workers in a Moroccan public hospital: a realist evaluation.,"Zakaria Belrhiti, Wim Van Damme, Abdelmounim Belalia, Bruno Marchal",2020,BMJ Open,TRUE,1,1.83751203093263,0.99999999987523,1,,,1,0,0,0,1,0.25,FALSE,,31900272,69 ,No
69,10.1136/bmjopen-2019-033010,The effect of leadership on public service motivation: a multiple embedded case study in Morocco.,"Zakaria Belrhiti, Wim Van Damme, Abdelmounim Belalia, Bruno Marchal",2020,BMJ Open,TRUE,1,2.29556504116178,0.99999999987523,1,,,1,0,0,0,1,0.25,FALSE,,31900266,68 ,No
70,10.1002/14651858.CD013056.pub2,Antibiotics versus topical antiseptics for chronic suppurative otitis media.,"Karen Head, Lee-Yee Chong, Mahmood F Bhutta, Peter S Morris, Shyan Vijayasekaran, Martin J Burton, Anne Gm Schilder, Christopher G Brennan-Jones",2020,Cochrane Database Syst Rev,FALSE,2,1.57138425526026,0.99999999987523,2,,,1,0,0,0,1,0.75,FALSE,,31896168 31902140,71 63 ,No
71,10.1002/14651858.CD013055.pub2,Topical antiseptics for chronic suppurative otitis media.,"Karen Head, Lee-Yee Chong, Mahmood F Bhutta, Peter S Morris, Shyan Vijayasekaran, Martin J Burton, Anne Gm Schilder, Christopher G Brennan-Jones",2020,Cochrane Database Syst Rev,FALSE,2,1.57943737719976,0.99999999987523,2,,,1,0,0,0,1,0.75,FALSE,,31902139 31896168,70 63 ,No
72,10.1177/1524839919882700,Socioeconomic and Demographic Status and Perceived Health Risks of E-Cigarette Product Contents Among Youth: Results From a National Survey.,"Thanh-Huyen T Vu, Allison Groom, Joy L Hart, Hy Tran, Robyn L Landry, Jennie Z Ma, Kandi L Walker, Aida L Giachello, Anshula Kesh, Thomas J Payne, Rose Marie Robertson",2020,Health Promot Pract,TRUE,0,,,0,,,1,0,0,0,1,0.05,FALSE,,,18 ,No
73,10.1002/dmrr.3239,Leveraging smart technologies to improve the management of diabetic foot ulcers and extend ulcer-free days in remission.,"Bijan Najafi, Neil D Reeves, David G Armstrong",2020,Diabetes Metab. Res. Rev.,TRUE,2,3.73006583170627,0.99999999987523,2,,,1,0,0,0,1,0.75,FALSE,,31963201 32176443,171 177 90 ,No
74,10.1056/NEJMe1915930,Treatment after TAVR - Discordance and Clinical Implications.,"Rick A Nishimura, David R Holmes",2020,N. Engl. J. Med.,FALSE,0,,,0,,,1,0,0,0,1,0.05,FALSE,,,33 32 ,No
75,10.1016/j.ekir.2019.09.009,Predicting and Defining Steroid Resistance in Pediatric Nephrotic Syndrome Using Plasma Proteomics.,"Shipra Agrawal, Michael L Merchant, Jiro Kino, Ming Li, Daniel W Wilkey, Adam E Gaweda, Michael E Brier, Melinda A Chanley, Jessica R Gooding, Susan J Sumner, Jon B Klein, William E Smoyer",2020,Kidney Int Rep,TRUE,2,3.98620312202924,0.99999999987523,2,,,1,0,0,0,1,0.5,FALSE,,31922063 31930209,76 ,No
76,10.1016/j.ekir.2019.09.010,Predicting and Defining Steroid Resistance in Pediatric Nephrotic Syndrome Using Plasma Metabolomics.,"Jessica R Gooding, Shipra Agrawal, Susan McRitchie, Zach Acuff, Michael L Merchant, Jon B Klein, William E Smoyer, Susan J Sumner",2020,Kidney Int Rep,TRUE,2,5.43119443394179,0.99999999987523,2,,,1,0,0,0,1,0.5,FALSE,,31922062 31930209,75 ,No
77,10.1002/14651858.CD011659.pub2,Sclerotherapy versus beta-blockers for primary prophylaxis of oesophageal variceal bleeding in children and adolescents with chronic liver disease or portal vein thrombosis.,"Daniela Gattini, Lorena I Cifuentes, Romina Torres-Robles, Juan Cristóbal Gana",2020,Cochrane Database Syst Rev,FALSE,2,3.65227714701266,0.99999999987523,2,,,1,0,0,0,1,0.75,FALSE,,32133620 31922266,154 ,No
78,10.1111/psyp.13523,Understanding the interplay of sleep and aging: Methodological challenges.,"Beate E Muehlroth, Markus Werkle-Bergner",2020,Psychophysiology,FALSE,1,5.22929935158005,0.99999999987523,1,,,1,0,0,0,1,0.25,FALSE,,31883456,60 ,No
79,10.1111/dar.13024,Miscommunication about the causes of the US outbreak of lung diseases in vapers by public health authorities and the media.,"Coral Gartner, Billie Bonevski, Wayne Hall",2020,Drug Alcohol Rev,FALSE,0,,,0,,,1,0,0,0,1,0.05,FALSE,,,18 ,No
80,10.7326/M19-3199,Achieving Health Equity in Preventive Services: A Systematic Review for a National Institutes of Health Pathways to Prevention Workshop.,"Heidi D Nelson, Amy Cantor, Jesse Wagner, Rebecca Jungbauer, Ana Quiñones, Lucy Stillman, Karli Kondo",2020,Ann. Intern. Med.,TRUE,2,4.35036113703987,0.99999999987523,2,,,1,0,0,0,1,0.25,FALSE,,31931529 31931530,81 ,No
81,10.7326/M19-3171,National Institutes of Health Pathways to Prevention Workshop: Achieving Health Equity in Preventive Services.,"Timothy S Carey, Betty Bekemeier, Doug Campos-Outcalt, Susan Koch-Weser, Sandra Millon-Underwood, Steven Teutsch",2020,Ann. Intern. Med.,TRUE,2,3.30157180284132,0.99999999987523,2,,,1,0,0,0,1,0.25,FALSE,,31931527 31931529,80 ,No
82,10.1249/MSS.0000000000002142,Hypoxic Training Is Beneficial in Elite Athletes.,"Grégoire P Millet, Franck Brocherie",2020,Med Sci Sports Exerc,TRUE,1,2.7243819010506,0.99999999987523,1,,,1,0,0,0,1,0.25,FALSE,,31939915,83 ,No
83,10.1249/MSS.0000000000002141,Hypoxic Training Is Not Beneficial in Elite Athletes.,"Christoph Siebenmann, Jerome A Dempsey",2020,Med Sci Sports Exerc,TRUE,1,3.17959687599039,0.99999999987523,1,,,1,0,0,0,1,0.25,FALSE,,31939914,82 ,No
84,10.1002/dmrr.3234,The future for diabetic foot ulcer prevention: A paradigm shift from stratified healthcare towards personalized medicine.,"Jaap J Van Netten, James Woodburn, Sicco A Bus",2020,Diabetes Metab. Res. Rev.,TRUE,1,11.8442552946661,0.99999999987523,1,,,1,0,0,0,1,0.5,FALSE,,32176443,177 175 90 ,No
85,10.15585/mmwr.mm6902e2,"Update: Product, Substance-Use, and Demographic Characteristics of Hospitalized Patients in a Nationwide Outbreak of E-cigarette, or Vaping, Product Use-Associated Lung Injury - United States, August 2019-January 2020.","Sascha Ellington, Phillip P Salvatore, Jean Ko, Melissa Danielson, Lindsay Kim, Alissa Cyrus, Megan Wallace, Amy Board, Vikram Krishnasamy, Brian A King, Dale Rose, Christopher M Jones, Lori A Pollack",2020,MMWR Morb. Mortal. Wkly. Rep.,TRUE,4,3.22382370609219,0.99999999987523,4,,,1,0,0,0,1,0.75,FALSE,,31971930 32145355 32052011 32125258,61 ,No
86,10.3779/j.issn.1009-3419.2020.01.02,[Awareness and Influencing Factors of Clinical Trial Among Cancer Patients in China].,"Huiyao Huang, Yuan Fang, Hong Fang, Dawei Wu, Ying Bai, Shuhang Wang, Anqi Yu, Hui Wang, Chao Sun, Qi Fan, Yue Yu, Cheng Yang, Jufang Shi, Ruixian He, Ning Li",2020,Zhongguo Fei Ai Za Zhi,TRUE,1,28.6643483152738,0.99999999987523,1,,,1,0,0,0,1,0.5,FALSE,,31948537,87 ,No
87,10.3779/j.issn.1009-3419.2020.01.07,[Acceptance and Related Causes of Clinical Trials among Cancer Patients in China].,"Huiyao Huang, Qi Fan, Hong Fang, Dawei Wu, Shuhang Wang, Ying Bai, Anqi Yu, Hui Wang, Chao Sun, Yue Yu, Yuan Fang, Sheng Yang, Jufang Shi, Ruixian He, Ning Li",2020,Zhongguo Fei Ai Za Zhi,TRUE,1,3.36193263024164,0.99999999987523,1,,,1,0,0,0,1,0.5,FALSE,,31948532,86 ,No
88,10.1002/dmrr.3250,Diagnosing diabetic foot osteomyelitis.,"Eric M Senneville, Benjamin A Lipsky, Suzanne A V van Asten, Edgar J Peters",2020,Diabetes Metab. Res. Rev.,TRUE,1,2.34557083283969,0.99999999987523,1,,,1,0,0,0,1,0.5,FALSE,,32102313,174 ,No
89,10.1038/s41569-019-0314-y,Dual-pathway inhibition for secondary and tertiary antithrombotic prevention in cardiovascular disease.,"Davide Capodanno, Deepak L Bhatt, John W Eikelboom, Keith A A Fox, Tobias Geisler, C Michael Gibson, Jose Ramon Gonzalez-Juanatey, Stefan James, Renato D Lopes, Roxana Mehran, Gilles Montalescot, Manesh Patel, P Gabriel Steg, Robert F Storey, Pascal Vranckx, Jeffrey I Weitz, Robert Welsh, Uwe Zeymer, Dominick J Angiolillo",2020,Nat Rev Cardiol,FALSE,1,2.8023802507232,0.99999999987523,1,,,1,0,0,0,1,0.05,FALSE,,32186937,32 ,No
90,10.1002/dmrr.3270,Prevention of foot ulcers in the at-risk patient with diabetes: a systematic review.,"Jaap J van Netten, Anita Raspovic, Lawrence A Lavery, Matilde Monteiro-Soares, Anne Rasmussen, Isabel C N Sacco, Sicco A Bus",2020,Diabetes Metab. Res. Rev.,TRUE,5,2.71486811425284,0.99999999987523,5,,,1,0,0,0,1,0.95,FALSE,,31944530 32176451 31957306 31909547 31845547,177 ,No
91,10.1002/dmrr.3271,Treatment of modifiable risk factors for foot ulceration in persons with diabetes: a systematic review.,"Jaap J van Netten, Isabel C N Sacco, Lawrence A Lavery, Matilde Monteiro-Soares, Anne Rasmussen, Anita Raspovic, Sicco A Bus",2020,Diabetes Metab. Res. Rev.,TRUE,1,2.81175849825484,0.99999999987523,1,,,1,0,0,0,1,0.5,FALSE,,32176451,177 90 92 ,No
92,10.1002/dmrr.3276,"Guidelines on diagnosis, prognosis, and management of peripheral artery disease in patients with foot ulcers and diabetes (IWGDF 2019 update).","Robert J Hinchliffe, Rachael O Forsythe, Jan Apelqvist, Edward J Boyko, Robert Fitridge, Joon Pio Hong, Konstantinos Katsanos, Joseph L Mills, Sigrid Nikol, Jim Reekers, Maarit Venermo, R Eugene Zierler, Nicolaas C Schaper",2020,Diabetes Metab. Res. Rev.,TRUE,10,2.82557388554331,0.99999999987523,10,,,1,0,0,0,1,0.95,FALSE,,32176448 32176441 31833236 31957306 32176439 32176443 32176451 31943705 32176447 32218232,172 170 175 174 176 ,No
93,10.3390/s20020505,Sensor-Based Daily Physical Activity: Towards Prediction of the Level of Concern about Falling in Peripheral Neuropathy.,"Gu Eon Kang, Bijan Najafi",2020,Sensors (Basel),TRUE,2,2.47821026657058,0.99999999987523,2,,,1,0,0,0,1,0.5,FALSE,,32121396 32235310,73 ,No
94,10.4269/ajtmh.19-0741b,Authors' Response.,"Moncef Belhassen-García, Montserrat Alonso-Sardón, Antonio Muro, Juan Luis Muñoz Bellido, Javier Pardo-Lledias",2020,Am. J. Trop. Med. Hyg.,FALSE,1,2.99738023555174,0.99999999987523,1,,,1,0,0,0,1,0.5,FALSE,,31971161,95 ,No
95,10.4269/ajtmh.19-0741a,"Comment on: ""Complications Associated with Initial Clinical Presentation of Cystic Echinococcosis: A 20-year Cohort Analysis"".","Tommaso Manciulli, Maria Teresa Giordani, Raffaella Lissandrin, Enrico Brunetti, Francesca Tamarozzi",2020,Am. J. Trop. Med. Hyg.,FALSE,1,1.72297929360605,0.99999999987523,1,,,1,0,0,0,1,0.5,FALSE,,31971160,94 ,No
96,10.15585/mmwr.mm6903e1,"Characteristics of Persons Who Report Using Only Nicotine-Containing Products Among Interviewed Patients with E-cigarette, or Vaping, Product Use-Associated Lung Injury - Illinois, August-December 2019.","Isaac Ghinai, Livia Navon, Jayleen K L Gunn, Lindsey M Duca, Sarah Brister, Sarah Love, Rachel Brink, Geroncio Fajardo, Jona Johnson, Lori Saathoff-Huber, Brian A King, Christopher M Jones, Vikram P Krishnasamy, Jennifer E Layden",2020,MMWR Morb. Mortal. Wkly. Rep.,TRUE,3,2.86787571720228,0.99999999987523,3,,,1,0,0,0,1,0.75,FALSE,,31971931 32142111 32230711,85 97 57 ,No
97,10.15585/mmwr.mm6903e2,"Update: Characteristics of a Nationwide Outbreak of E-cigarette, or Vaping, Product Use-Associated Lung Injury - United States, August 2019-January 2020.","Vikram P Krishnasamy, Benjamin D Hallowell, Jean Y Ko, Amy Board, Kathleen P Hartnett, Phillip P Salvatore, Melissa Danielson, Aaron Kite-Powell, Evelyn Twentyman, Lindsay Kim, Alissa Cyrus, Megan Wallace, Paul Melstrom, Brittani Haag, Brian A King, Peter Briss, Christopher M Jones, Lori A Pollack, Sascha Ellington",2020,MMWR Morb. Mortal. Wkly. Rep.,TRUE,7,3.25620151515832,0.99999999987523,7,,,1,0,0,0,1,0.75,FALSE,,31971930 32192139 32230711 32157289 32101656 32134907 32205381,96 62 57 ,No
98,10.1155/2020/6138083,"A Case of Vaping TCH Oil Leading to Vaping Associated Pulmonary Injury: Our Approach to Its Diagnosis, Management, and Recommendations.","Anshika Singh, Qiuxue Tan, Nicole M Saccone, David H Lindner",2020,Case Rep Pulmonol,TRUE,1,2.80364670691646,0.99999999987523,1,,,1,0,0,0,1,0.5,FALSE,,32230711,18 ,No
99,10.1148/radiol.2020192585,"Radiologic, Pathologic, Clinical, and Physiologic Findings of Electronic Cigarette or Vaping Product Use-associated Lung Injury (EVALI): Evolving Knowledge and Remaining Questions.","Seth Kligerman, Costa Raptis, Brandon Larsen, Travis S Henry, Alessandra Caporale, Henry Tazelaar, Mark L Schiebler, Felix W Wehrli, Jeffrey S Klein, Jeffrey Kanne",2020,Radiology,TRUE,1,1.9031007751938,0.99999999987523,1,,,1,0,0,0,1,0.25,FALSE,,32206466,18 ,No
100,10.3399/bjgp20X707741,The opioid problem in primary care.,Roy Robertson,2020,Br J Gen Pract,FALSE,0,,,0,,,1,0,0,0,1,0.05,FALSE,,,42 ,No
101,10.1007/s00330-019-06624-8,"Cumulative radiation dose from multiple CT examinations: stronger justification, fewer repeats, or dose reduction technology needed?",Denis Remedios,2020,Eur Radiol,FALSE,0,,,0,,,1,0,0,0,1,0.05,FALSE,,,44 45 ,No
102,10.1016/S0140-6736(20)30068-4,Impact of HPV vaccination and cervical screening on cervical cancer elimination: a comparative modelling analysis in 78 low-income and lower-middle-income countries.,"Marc Brisson, Jane J Kim, Karen Canfell, Mélanie Drolet, Guillaume Gingras, Emily A Burger, Dave Martin, Kate T Simms, Élodie Bénard, Marie-Claude Boily, Stephen Sy, Catherine Regan, Adam Keane, Michael Caruana, Diep T N Nguyen, Megan A Smith, Jean-François Laprise, Mark Jit, Michel Alary, Freddie Bray, Elena Fidarova, Fayad Elsheikh, Paul J N Bloem, Nathalie Broutet, Raymond Hutubessy",2020,Lancet,TRUE,5,12.808859963615,0.99999999987523,5,,,1,0,0,0,1,0.75,FALSE,,32122950 32336280 32007142 32161971 32105613,103 ,No
103,10.1016/S0140-6736(20)30157-4,Mortality impact of achieving WHO cervical cancer elimination targets: a comparative modelling analysis in 78 low-income and lower-middle-income countries.,"Karen Canfell, Jane J Kim, Marc Brisson, Adam Keane, Kate T Simms, Michael Caruana, Emily A Burger, Dave Martin, Diep T N Nguyen, Élodie Bénard, Stephen Sy, Catherine Regan, Mélanie Drolet, Guillaume Gingras, Jean-Francois Laprise, Julie Torode, Megan A Smith, Elena Fidarova, Dario Trapani, Freddie Bray, Andre Ilbawi, Nathalie Broutet, Raymond Hutubessy",2020,Lancet,TRUE,3,11.5746073155319,0.99999999987523,3,,,1,0,0,0,1,0.5,FALSE,,32122950 32007141 32105613,102 ,No
104,10.1007/s00330-019-06625-7,How to estimate effective dose for CT patients.,Choonsik Lee,2020,Eur Radiol,FALSE,0,,,0,,,1,0,0,0,1,0.05,FALSE,,,45 ,No
105,10.1038/s41588-019-0576-7,"Comprehensive analysis of chromothripsis in 2,658 human cancers using whole-genome sequencing.","Isidro Cortés-Ciriano, Jake June-Koo Lee, Ruibin Xi, Dhawal Jain, Youngsook L Jung, Lixing Yang, Dmitry Gordenin, Leszek J Klimczak, Cheng-Zhong Zhang, David S Pellman, Peter J Park",2020,Nat. Genet.,TRUE,6,14.6188217458596,0.99999999987523,6,,,1,0,0,0,1,0.5,FALSE,,32238934 32206575 32025007 32106411 32252492 32025012,106 ,No
106,10.1038/s41586-019-1913-9,Patterns of somatic structural variation in human cancer genomes.,"Yilong Li, Nicola D Roberts, Jeremiah A Wala, Ofer Shapira, Steven E Schumacher, Kiran Kumar, Ekta Khurana, Sebastian Waszak, Jan O Korbel, James E Haber, Marcin Imielinski, Joachim Weischenfeldt, Rameen Beroukhim, Peter J Campbell",2020,Nature,TRUE,7,14.2737029928897,0.99999999987523,7,,,1,0,0,0,1,0.75,FALSE,,32024999 32025018 32025019 32024997 32025007 32025015 32025003,107 105 ,No
107,10.1038/s41586-020-1965-x,"Analyses of non-coding somatic drivers in 2,658 cancer whole genomes.","Esther Rheinbay, Morten Muhlig Nielsen, Federico Abascal, Jeremiah A Wala, Ofer Shapira, Grace Tiao, Henrik Hornshøj, Julian M Hess, Randi Istrup Juul, Ziao Lin, Lars Feuerbach, Radhakrishnan Sabarinathan, Tobias Madsen, Jaegil Kim, Loris Mularoni, Shimin Shuai, Andrés Lanzós, Carl Herrmann, Yosef E Maruvka, Ciyue Shen, Samirkumar B Amin, Pratiti Bandopadhayay, Johanna Bertl, Keith A Boroevich, John Busanovich, Joana Carlevaro-Fita, Dimple Chakravarty, Calvin Wing Yiu Chan, David Craft, Priyanka Dhingra, Klev Diamanti, Nuno A Fonseca, Abel Gonzalez-Perez, Qianyun Guo, Mark P Hamilton, Nicholas J Haradhvala, Chen Hong, Keren Isaev, Todd A Johnson, Malene Juul, Andre Kahles, Abdullah Kahraman, Youngwook Kim, Jan Komorowski, Kiran Kumar, Sushant Kumar, Donghoon Lee, Kjong-Van Lehmann, Yilong Li, Eric Minwei Liu, Lucas Lochovsky, Keunchil Park, Oriol Pich, Nicola D Roberts, Gordon Saksena, Steven E Schumacher, Nikos Sidiropoulos, Lina Sieverling, Nasa Sinnott-Armstrong, Chip Stewart, David Tamborero, Jose M C Tubio, Husen M Umer, Liis Uusküla-Reimand, Claes Wadelius, Lina Wadi, Xiaotong Yao, Cheng-Zhong Zhang, Jing Zhang, James E Haber, Asger Hobolth, Marcin Imielinski, Manolis Kellis, Michael S Lawrence, Christian von Mering, Hidewaki Nakagawa, Benjamin J Raphael, Mark A Rubin, Chris Sander, Lincoln D Stein, Joshua M Stuart, Tatsuhiko Tsunoda, David A Wheeler, Rory Johnson, Jüri Reimand, Mark Gerstein, Ekta Khurana, Peter J Campbell, Núria López-Bigas, Joachim Weischenfeldt, Rameen Beroukhim, Iñigo Martincorena, Jakob Skou Pedersen, Gad Getz",2020,Nature,TRUE,9,13.854958085656,0.99999999987523,9,,,1,0,0,0,1,0.75,FALSE,,32210335 32238934 32239350 32024998 32024997 32025007 32025019 32025013 32025012,106 ,No
108,10.1183/13993003.02419-2019,"No man is an island: e-cigarette, or vaping, associated lung injury in Europe.",Denitza P Blagev,2020,Eur. Respir. J.,FALSE,0,,,0,,,1,0,0,0,1,0.05,FALSE,,,18 ,No
109,10.3758/s13414-020-01987-3,"Recognition-induced forgetting is caused by episodic, not semantic, memory retrieval tasks.","Ashleigh M Maxcey, Molly McCann, Samantha Stallkamp",2020,Atten Percept Psychophys,TRUE,1,3.15263029842872,0.99999999987523,1,,,1,0,0,0,1,0.25,FALSE,,31898264,64 ,No
110,10.1002/mp.14085,Refinement of the Hounsfield look-up table by retrospective application of patient-specific direct proton stopping-power prediction from dual-energy CT.,"Patrick Wohlfahrt, Christian Möhler, Wolfgang Enghardt, Mechthild Krause, Daniela Kunath, Stefan Menkel, Esther G C Troost, Steffen Greilich, Christian Richter",2020,Med Phys,TRUE,1,2.15327953560859,0.99999999987523,1,,,1,0,0,0,1,0.25,FALSE,,31642709,27 ,No
111,10.3389/fnins.2020.00008,Automatically Detected Microsleep Episodes in the Fitness-to-Drive Assessment.,"Jelena Skorucak, Anneke Hertig-Godeschalk, Peter Achermann, Johannes Mathis, David R Schreier",2020,Front Neurosci,TRUE,0,,,0,,,1,0,0,0,1,0.05,FALSE,,,8 21 ,No
112,10.1007/s12028-020-00927-1,A Perspective from the Neurocritical Care Society and the Society of Critical Care Medicine: Team-Based Care for Neurological Critical Illness.,"Lewis Kaplan, Asma M Moheet, Sarah L Livesay, J Javier Provencio, Jose I Suarez, Mary Kay Bader, Heatherlee Bailey, Cherylee W J Chang",2020,Neurocrit Care,FALSE,0,,,0,,,1,0,0,0,1,0.05,FALSE,,,15 5 ,No
113,10.3928/19382359-20200120-01,Lung Injury Associated with E-Cigarette or Vaping Product Use.,"Anne Griffiths, Anna Rauzi, Katie Stadheim, William Wheeler",2020,Pediatr Ann,TRUE,0,,,0,,,1,0,0,0,1,0.05,FALSE,,,18 ,No
114,10.1123/jpah.2019-0395,The Move Your Way Campaign: Encouraging Contemplators and Families to Meet the Recommendations From the Physical Activity Guidelines for Americans.,"Frances Bevington, Katrina L Piercy, Kate Olscamp, Sandra W Hilfiker, Dena G Fisher, Elizabeth Y Barnett",2020,J Phys Act Health,TRUE,1,2.45672033489873,0.99999999987523,1,,,1,0,0,0,1,0.5,FALSE,,32087601,138 ,No
115,10.1007/s00117-020-00646-w,[Artificial intelligence in hybrid imaging].,"Christian Strack, Robert Seifert, Jens Kleesiek",2020,Radiologe,FALSE,0,,,0,,,1,0,0,0,1,0.05,FALSE,,,49 48 ,No
116,10.1136/oemed-2019-106008,Global and regional burden of disease and injury in 2016 arising from occupational exposures: a systematic analysis for the Global Burden of Disease Study 2016.,,2020,Occup Environ Med,TRUE,2,5.4000722205699,0.99999999987523,2,,,1,0,0,0,1,0.75,FALSE,,32054819 32054818,118 117 ,No
117,10.1136/oemed-2019-106013,Global and regional burden of chronic respiratory disease in 2016 arising from non-infectious airborne occupational exposures: a systematic analysis for the Global Burden of Disease Study 2016.,,2020,Occup Environ Med,TRUE,2,4.95765301959049,0.99999999987523,2,,,1,0,0,0,1,0.75,FALSE,,32054817 32054819,118 116 ,No
118,10.1136/oemed-2019-106012,Global and regional burden of cancer in 2016 arising from occupational exposure to selected carcinogens: a systematic analysis for the Global Burden of Disease Study 2016.,,2020,Occup Environ Med,TRUE,2,5.07803697989105,0.99999999987523,2,,,1,0,0,0,1,0.75,FALSE,,32054817 32054818,116 117 ,No
119,10.1097/CCM.0000000000004226,"Sepsis Among Medicare Beneficiaries: 2. The Trajectories of Sepsis, 2012-2018.","Timothy G Buchman, Steven Q Simpson, Kimberly L Sciarretta, Kristen P Finne, Nicole Sowers, Michael Collier, Saurabh Chavan, Ibijoke Oke, Meghan E Pennini, Aathira Santhosh, Marie Wax, Robyn Woodbury, Steve Chu, Tyler G Merkeley, Gary L Disbrow, Rick A Bright, Thomas E MaCurdy, Jeffrey A Kelman",2020,Crit. Care Med.,TRUE,4,5.56565918764754,0.99999999987523,4,,,1,0,0,0,1,0.5,FALSE,,32058368 32211831 32058366 32058377,120 ,No
120,10.1097/CCM.0000000000004225,"Sepsis Among Medicare Beneficiaries: 3. The Methods, Models, and Forecasts of Sepsis, 2012-2018.","Timothy G Buchman, Steven Q Simpson, Kimberly L Sciarretta, Kristen P Finne, Nicole Sowers, Michael Collier, Saurabh Chavan, Ibijoke Oke, Meghan E Pennini, Aathira Santhosh, Marie Wax, Robyn Woodbury, Steve Chu, Tyler G Merkeley, Gary L Disbrow, Rick A Bright, Thomas E MaCurdy, Jeffrey A Kelman",2020,Crit. Care Med.,TRUE,2,5.56940658644356,0.99999999987523,2,,,1,0,0,0,1,0.5,FALSE,,32058366 32058367,119 ,No
121,10.1097/CCM.0000000000004122,Critical Illness Factors Associated With Long-Term Mortality and Health-Related Quality of Life Morbidity Following Community-Acquired Pediatric Septic Shock.,"Jerry J Zimmerman, Russell Banks, Robert A Berg, Athena Zuppa, Christopher J Newth, David Wessel, Murray M Pollack, Kathleen L Meert, Mark W Hall, Michael Quasney, Anil Sapru, Joseph A Carcillo, Patrick S McQuillen, Peter M Mourani, Hector Wong, Ranjit S Chima, Richard Holubkov, Whitney Coleman, Samuel Sorenson, James W Varni, Julie McGalliard, Wren Haaland, Kathryn Whitlock, J Michael Dean, Ron W Reeder",2020,Crit. Care Med.,TRUE,1,3.45899143036708,0.99999999987523,1,,,1,0,0,0,1,0.5,FALSE,,32058370,122 ,No
122,10.1097/CCM.0000000000004123,Trajectory of Mortality and Health-Related Quality of Life Morbidity Following Community-Acquired Pediatric Septic Shock.,"Jerry J Zimmerman, Russell Banks, Robert A Berg, Athena Zuppa, Christopher J Newth, David Wessel, Murray M Pollack, Kathleen L Meert, Mark W Hall, Michael Quasney, Anil Sapru, Joseph A Carcillo, Patrick S McQuillen, Peter M Mourani, Hector Wong, Ranjit S Chima, Richard Holubkov, Whitney Coleman, Samuel Sorenson, James W Varni, Julie McGalliard, Wren Haaland, Kathryn Whitlock, J Michael Dean, Ron W Reeder",2020,Crit. Care Med.,TRUE,2,3.90135486954314,0.99999999987523,2,,,1,0,0,0,1,0.75,FALSE,,32058369 32058379,121 ,No
123,10.1097/CCM.0000000000004230,Septic Shock in Children: When Should Prevention Start and Treatment End?,"Shahla M Jilani, Brett P Giroir",2020,Crit. Care Med.,TRUE,0,,,0,,,1,0,0,0,1,0.05,FALSE,,,122 ,No
124,10.1007/s13280-019-01298-4,Tacit working models of human behavioural change I: Implementation of conservation projects.,Meredith Root-Bernstein,2020,Ambio,FALSE,1,7.48136243064515,0.99999999987523,1,,,1,0,0,0,1,0.25,FALSE,,32060791,125 ,No
125,10.1007/s13280-019-01315-6,Tacit working models of human behavioural change II: Farmers' folk theories of conservation programme design.,"M Root-Bernstein, A Bondoux, M Guerrero-Gatica, F Zorondo-Rodriguez",2020,Ambio,TRUE,1,5.81171557422832,0.99999999987523,1,,,1,0,0,0,1,0.25,FALSE,,32060790,124 ,No
126,10.1007/s00115-019-00839-2,"[Max Nonne (1861-1959) and his attitude towards ""euthanasia""].","Michael Martin, Heiner Fangerau, Axel Karenberg",2020,Nervenarzt,FALSE,4,1.98568080251283,0.99999999987523,4,,,1,0,0,0,1,0.5,FALSE,,32067089 32067084 32067085 32067094,127 ,No
127,10.1007/s00115-019-00840-9,[Otfrid Foerster (1873-1941) and his ambivalent attitude towards National Socialism].,"Michael Martin, Axel Karenberg, Heiner Fangerau",2020,Nervenarzt,FALSE,7,1.15414371565917,0.99999999987523,7,,,1,0,0,0,1,0.75,FALSE,,32067089 32067084 32067094 32067081 32067083 32067082 32067087,129 ,No
128,10.1007/s00115-019-00843-6,[Georg Schaltenbrand (1897-1979) and his research without moral boundaries on multiple sclerosis].,"Michael Martin, Heiner Fangerau, Axel Karenberg",2020,Nervenarzt,FALSE,3,1.2177476041527,0.99999999987523,3,,,1,0,0,0,1,0.5,FALSE,,32067084 32067094 32067087,126 ,No
129,10.1007/s00115-019-00819-6,[The two CVs of Klaus Joachim Zülch (1910-1988)].,"Michael Martin, Heiner Fangerau, Axel Karenberg",2020,Nervenarzt,FALSE,4,1.04516087681761,0.99999999987523,4,,,1,0,0,0,1,0.5,FALSE,,32067094 32067093 32067082 32067092,128 127 ,No
130,10.1007/s00115-019-00849-0,[Men without a past? (Honorary) Presidents of the German Neurological Society and their NS past].,"Michael Martin, Axel Karenberg, Heiner Fangerau",2020,Nervenarzt,FALSE,1,1.33469218864159,0.99999999987523,1,,,1,0,0,0,1,0.25,FALSE,,32067094,132 129 ,No
131,10.1007/s00115-019-00850-7,"[In the ""twilight zone"": honorary members of the German Neurological Society 1954-1982].","Michael Martin, Heiner Fangerau, Axel Karenberg",2020,Nervenarzt,FALSE,1,1.33469218864159,0.99999999987523,1,,,1,0,0,0,1,0.25,FALSE,,32067094,132 129 ,No
132,10.1007/s00115-019-00851-6,"[Neurologists and neuroscientists during the ""Third Reich"": attempt at an assessment].","Axel Karenberg, Heiner Fangerau, Michael Martin",2020,Nervenarzt,FALSE,2,1.20507289627916,0.99999999987523,2,,,1,0,0,0,1,0.25,FALSE,,32067093 32067092,127 130 128 126 131 129 ,No
133,10.3390/ijerph17041209,Predicting Hand Washing and Sleep Hygiene Behaviors among College Students: Test of an Integrated Social-Cognition Model.,"Chun-Qing Zhang, Rongyu Fang, Ru Zhang, Martin S Hagger, Kyra Hamilton",2020,Int J Environ Res Public Health,TRUE,1,1.86854989368092,0.99999999987523,1,,,1,0,0,0,1,0.25,FALSE,,32130683,153 ,No
134,10.1007/s00277-020-03963-1,Evolving therapies for lower-risk myelodysplastic syndromes.,"Jan Philipp Bewersdorf, Amer M Zeidan",2020,Ann. Hematol.,FALSE,0,,,0,,,1,0,0,0,1,0.05,FALSE,,,46 ,No
135,10.1259/bjr.20209004,Proton therapy special feature: introductory editorial.,"Kathryn D Held, Antony J Lomax, Esther G C Troost",2020,Br J Radiol,FALSE,0,,,0,,,1,0,0,0,1,0.05,FALSE,,,27 ,No
136,10.1177/1179173X20904350,Examining Arrest and Cigarette Smoking in Emerging Adulthood.,"Connie Hassett-Walker, Mark Shadden",2020,Tob Use Insights,TRUE,0,,,0,,,1,0,0,0,1,0.05,FALSE,,,18 ,No
137,10.1155/2020/9631916,A Case Series of Vaping-Induced Lung Injury in a Community Hospital Setting.,"Mohammed Ali, Kashmala Khan, Mihir Buch, Manuel Ramos-Ramirez, Munish Sharma, Seema Patel, Saiara Choudhury, Humayun Anjum, Alamgir Khan, Salim Surani",2020,Case Rep Pulmonol,TRUE,0,,,0,,,1,0,0,0,1,0.05,FALSE,,,18 ,No
138,10.1123/jpah.2019-0393,Understanding Contemplators' Knowledge and Awareness of the Physical Activity Guidelines.,"Katrina L Piercy, Frances Bevington, Alison Vaux-Bjerke, Sandra Williams Hilfiker, Sean Arayasirikul, Elizabeth Y Barnett",2020,J Phys Act Health,TRUE,1,1.64593408953002,0.99999999987523,1,,,1,0,0,0,1,0.5,FALSE,,32050160,114 ,No
139,10.1111/ajag.12777,'I will walk out of here': Qualitative analysis of older rehabilitation patients' perceptions of mobility.,"Samantha Kozica-Olenski, Prue McRae, Paul Bew, Alison Mudge",2020,Australas J Ageing,TRUE,1,2.70532196829225,0.99999999987523,1,,,1,0,0,0,1,0.25,FALSE,,32096897,140 ,No
140,10.1111/ajag.12785,"An observational study of physical, cognitive and social activities in rehabilitation inpatients.","Prue McRae, Paul Bew, Simon Smith, Alison Mudge",2020,Australas J Ageing,TRUE,1,1.94164267980713,0.99999999987523,1,,,1,0,0,0,1,0.25,FALSE,,32096895,139 ,No
141,10.1097/ACM.0000000000003123,The New MCAT Exam and the Continuing Imperative of Holistic Review in the Selection of Medical Students.,Laura Weiss Roberts,2020,Acad Med,FALSE,0,,,0,,,1,0,0,0,1,0.05,FALSE,,,37 12 13 ,No
142,10.1097/NMC.0000000000000602,Promoting Excellence in Inpatient Maternity Nursing.,Kathleen Rice Simpson,2020,MCN Am J Matern Child Nurs,FALSE,1,3.98254205928789,0.99999999987523,1,,,1,0,0,0,1,0.5,FALSE,,31804227,47 ,No
143,10.3390/ijms21041474,New Perspectives in Food Allergy.,"Massimo De Martinis, Maria Maddalena Sirufo, Mariano Suppa, Lia Ginaldi",2020,Int J Mol Sci,FALSE,1,4.42811933676694,0.99999999987523,1,,,1,0,0,0,1,0.75,FALSE,,32102344,147 ,No
144,10.1056/NEJMhpr1916092,The Affordable Care Act at 10 Years - Payment and Delivery System Reforms.,"David Blumenthal, Melinda Abrams",2020,N. Engl. J. Med.,TRUE,1,8.33389564741005,0.99999999987523,1,,,1,0,0,0,1,0.25,FALSE,,32101659,145 ,No
145,10.1056/NEJMhpr1916091,The Affordable Care Act at 10 Years - Its Coverage and Access Provisions.,"David Blumenthal, Sara R Collins, Elizabeth J Fowler",2020,N. Engl. J. Med.,TRUE,1,14.3687545183607,0.99999999987523,1,,,1,0,0,0,1,0.25,FALSE,,32101657,144 ,No
146,10.3390/jcm9020602,Instruments of Choice for Assessment and Monitoring Diabetic Foot: A Systematic Review.,"Raúl Fernández-Torres, María Ruiz-Muñoz, Alberto J Pérez-Panero, Jerónimo García-Romero, Manuel Gónzalez-Sánchez",2020,J Clin Med,FALSE,0,,,0,,,1,0,0,0,1,0.05,FALSE,,,88 ,No
147,10.3390/ijms21041535,Sex and Gender Aspects for Patient Stratification in Allergy Prevention and Treatment.,"Massimo De Martinis, Maria Maddalena Sirufo, Mariano Suppa, Daniela Di Silvestre, Lia Ginaldi",2020,Int J Mol Sci,FALSE,1,4.84355285009168,0.99999999987523,1,,,1,0,0,0,1,0.75,FALSE,,32098244,143 ,No
148,10.1016/S2214-109X(20)30022-X,"Effects of updated demography, disability weights, and cervical cancer burden on estimates of human papillomavirus vaccination impact at the global, regional, and national levels: a PRIME modelling study.","Kaja M Abbas, Kevin van Zandvoort, Marc Brisson, Mark Jit",2020,Lancet Glob Health,TRUE,0,,,0,,,1,0,0,0,1,0.05,FALSE,,,102 103 ,No
149,10.3390/cancers12030566,Potential Mechanisms of Cancer-Related Hypercoagulability.,"Nicola J Nasser, Jana Fox, Abed Agbarya",2020,Cancers (Basel),FALSE,1,6.98911186652891,0.99999999987523,1,,,1,0,0,0,1,0.75,FALSE,,32152838,32 ,No
150,10.3390/s20051328,Does the Presence of Cognitive Impairment Exacerbate the Risk of Falls in People with Peripheral Neuropathy? An Application of Body-Worn Inertial Sensors to Measure Gait Variability.,"Gu Eon Kang, Jacqueline Yang, Bijan Najafi",2020,Sensors (Basel),TRUE,0,,,0,,,1,0,0,0,1,0.05,FALSE,,,93 ,No
151,10.1007/s10151-020-02175-z,Inflammatory bowel disease position statement of the Italian Society of Colorectal Surgery (SICCR): ulcerative colitis.,"G Pellino, D S Keller, G M Sampietro, M Carvello, V Celentano, C Coco, F Colombo, A Geccherle, G Luglio, M Rottoli, M Scarpa, G Sciaudone, G Sica, L Sofo, R Zinicola, S Leone, S Danese, A Spinelli, G Delaini, F Selvaggi",2020,Tech Coloproctol,FALSE,1,3.18565962175815,0.99999999987523,1,,,1,0,0,0,1,0.5,FALSE,,32172396,166 ,No
152,10.1148/radiol.2020192778,Pediatric Chest Radiographic and CT Findings of Electronic Cigarette or Vaping Product Use-associated Lung Injury (EVALI).,"Maddy Artunduaga, Devika Rao, Jonathan Friedman, Jeannie K Kwon, Cory M Pfeifer, Amy Dettori, Abbey J Winant, Edward Y Lee",2020,Radiology,TRUE,0,,,0,,,1,0,0,0,1,0.05,FALSE,,,29 18 85 ,No
153,10.1007/s12529-020-09859-8,Social Psychological Predictors of Sleep Hygiene Behaviors in Australian and Hong Kong University Students.,"Kyra Hamilton, Hei Tung Heather Ng, Chun-Qing Zhang, Daniel J Phipps, Ru Zhang",2020,Int J Behav Med,TRUE,1,2.4457046714406,0.99999999987523,1,,,1,0,0,0,1,0.25,FALSE,,32069991,133 ,No
154,10.1002/14651858.CD011573.pub2,Sclerotherapy versus sham or no intervention for primary prophylaxis of oesophageal variceal bleeding in children with chronic liver disease or portal vein thrombosis.,"Daniela Gattini, Lorena I Cifuentes, Romina Torres-Robles, Juan Cristóbal Gana",2020,Cochrane Database Syst Rev,FALSE,1,3.83379355734782,0.99999999987523,1,,,1,0,0,0,1,0.5,FALSE,,31922266,77 ,No
155,10.2196/13120,The Association Between Health Information Seeking on the Internet and Physician Visits (The Seventh Tromsø Study - Part 4): Population-Based Questionnaire Study.,"Kassaye Yitbarek Yigzaw, Rolf Wynn, Luis Marco-Ruiz, Andrius Budrionis, Sunday Oluwafemi Oyeyemi, Asbjørn Johansen Fagerlund, Johan Gustav Bellika",2020,J. Med. Internet Res.,TRUE,3,2.96845718325581,0.99999999987523,3,,,1,0,0,0,1,0.75,FALSE,,32134390 32134395 32134396,156 157 ,No
156,10.2196/13116,Impact of Illness on Electronic Health Use (The Seventh Tromsø Study - Part 2): Population-Based Questionnaire Study.,"Luis Marco-Ruiz, Rolf Wynn, Sunday Oluwafemi Oyeyemi, Andrius Budrionis, Kassaye Yitbarek Yigzaw, Johan Gustav Bellika",2020,J. Med. Internet Res.,TRUE,3,2.70869124609202,0.99999999987523,3,,,1,0,0,0,1,0.75,FALSE,,32134395 32134396 32134387,155 157 ,No
157,10.2196/13106,"Electronic Health Use in a Representative Sample of 18,497 Respondents in Norway (The Seventh Tromsø Study - Part 1): Population-Based Questionnaire Study.","Rolf Wynn, Sunday Oluwafemi Oyeyemi, Andrius Budrionis, Luis Marco-Ruiz, Kassaye Yitbarek Yigzaw, Johan Gustav Bellika",2020,JMIR Med Inform,TRUE,3,2.94890101905296,0.99999999987523,3,,,1,0,0,0,1,0.75,FALSE,,32134390 32134396 32134387,155 156 ,No
158,10.15585/mmwr.mm6909a4,"E-cigarette, or Vaping, Product Use-Associated Lung Injury Among Clusters of Patients Reporting Shared Product Use - Wisconsin, 2019.","Ian W Pray, Sukhshant K Atti, Carrie Tomasallo, Jonathan G Meiman",2020,MMWR Morb. Mortal. Wkly. Rep.,TRUE,0,,,0,,,1,0,0,0,1,0.05,FALSE,,,97 57 ,No
159,10.3390/brainsci10030149,"Erratum: Chén ""The Roles of Statistics in Human Neuroscience"", <i>Brain Sci.</i> 2019, <i>9</i> (8), 194.",Oliver Y Chén,2020,Brain Sci,FALSE,0,,,0,,,1,0,0,0,1,0.05,FALSE,,,11 ,No
160,10.1002/jgc4.1243,Genetic counselor implicit bias and its effects on cognitive and affective exchanges in racially discordant simulations.,"Chenery L Lowe, Mary Catherine Beach, Debra L Roter",2020,J Genet Couns,TRUE,1,2.46893323852079,0.99999999987523,1,,,1,0,0,0,1,0.25,FALSE,,31708237,30 ,No
161,10.1016/j.fct.2020.111245,Neurotoxicity of e-cigarettes.,"Joanna A Ruszkiewicz, Ziyan Zhang, Filipe Marques Gonçalves, Yousef Tizabi, Judith T Zelikoff, Michael Aschner",2020,Food Chem. Toxicol.,FALSE,0,,,0,,,1,0,0,0,1,0.05,FALSE,,,85 ,No
162,10.1002/cncr.32755,Bias and stereotyping among research and clinical professionals: Perspectives on minority recruitment for oncology clinical trials.,"Soumya J Niranjan, Michelle Y Martin, Mona N Fouad, Selwyn M Vickers, Jennifer A Wenzel, Elise D Cook, Badrinath R Konety, Raegan W Durant",2020,Cancer,TRUE,0,,,0,,,1,0,0,0,1,0.05,FALSE,,,30 ,No
163,10.1556/650.2020.31671,[Vaping-associated lung injury].,"Gábor Xantus, Péter Kanizsai",2020,Orv Hetil,TRUE,0,,,0,,,1,0,0,0,1,0.05,FALSE,,,18 ,No
164,10.1007/s11695-020-04532-1,Is There an Upper Age Limit for Bariatric Surgery? Laparoscopic Gastric Bypass Outcomes in Septuagenarians.,"Jacob B Hammond, Christopher J Webb, Venkata S K K Pulivarthi, David G Pearson, Kristi L Harold, James A Madura",2020,Obes Surg,TRUE,0,,,0,,,1,0,0,0,1,0.05,FALSE,,,149 ,No
165,10.1002/ppul.24729,Case series: Adolescent victims of the vaping public health crisis with pulmonary complications.,"Alexandra P Kass, Daniel L Overbeek, Laura E Chiel, Edward W Boyer, Alicia M H Casey",2020,Pediatr. Pulmonol.,TRUE,0,,,0,,,1,0,0,0,1,0.05,FALSE,,,18 ,No
166,10.1007/s10151-020-02183-z,Inflammatory bowel disease position statement of the Italian Society of Colorectal Surgery (SICCR): Crohn's disease.,"G Pellino, D S Keller, G M Sampietro, I Angriman, M Carvello, V Celentano, F Colombo, F Di Candido, S Laureti, G Luglio, G Poggioli, M Rottoli, S Scaringi, G Sciaudone, G Sica, L Sofo, S Leone, S Danese, A Spinelli, G Delaini, F Selvaggi",2020,Tech Coloproctol,FALSE,2,3.13488770321946,0.99999999987523,2,,,1,0,0,0,1,0.75,FALSE,,32124113 32172396,151 ,No
167,10.1186/s13033-020-00352-z,Implementing civic engagement within mental health services in South East Asia: a systematic review and realist synthesis of current evidence.,"Karen James, Helen Brooks, Herni Susanti, Jessica Waddingham, Irman Irmansyah, Budi-Anna Keliat, Bagus Utomo, Diana Rose, Erminia Colucci, Karina Lovell",2020,Int J Ment Health Syst,FALSE,2,2.35448382740762,0.99999999987523,2,,,1,0,0,0,1,0.25,FALSE,,31782266 32295558,40 ,No
168,10.1002/dmrr.3282,Interventions in the management of infection in the foot in diabetes: a systematic review.,"Edgar J G Peters, Benjamin A Lipsky, Éric Senneville, Zulfiqarali G Abbas, Javier Aragón-Sánchez, Mathew Diggle, John M Embil, Shigeo Kono, Lawrence A Lavery, Matthew Malone, Vilma Urbančič-Rovan, Suzanne A Van Asten",2020,Diabetes Metab. Res. Rev.,TRUE,1,3.12768980503073,0.99999999987523,1,,,1,0,0,0,1,0.5,FALSE,,32176444,174 ,No
169,10.1002/dmrr.3275,Effectiveness of offloading interventions to heal foot ulcers in persons with diabetes: a systematic review.,"Peter A Lazzarini, Gustav Jarl, Catherine Gooday, Vijay Viswanathan, Carlo F Caravaggi, David G Armstrong, Sicco A Bus",2020,Diabetes Metab. Res. Rev.,TRUE,2,2.82360254408986,0.99999999987523,2,,,1,0,0,0,1,0.75,FALSE,,32176441 31845547,171 ,No
170,10.1002/dmrr.3279,Effectiveness of revascularisation of the ulcerated foot in patients with diabetes and peripheral artery disease: A systematic review.,"Rachael O Forsythe, Jan Apelqvist, Edward J Boyko, Robert Fitridge, Joon P Hong, Konstantinos Katsanos, Joseph L Mills, Sigrid Nikol, Jim Reekers, Maarit Venermo, R Eugene Zierler, Robert J Hinchliffe, Nicolaas C Schaper",2020,Diabetes Metab. Res. Rev.,TRUE,1,3.17548253707413,0.99999999987523,1,,,1,0,0,0,1,0.5,FALSE,,31958217,92 ,No
171,10.1002/dmrr.3274,Guidelines on offloading foot ulcers in persons with diabetes (IWGDF 2019 update).,"Sicco A Bus, David G Armstrong, Catherine Gooday, Gustav Jarl, Carlo Caravaggi, Vijay Viswanathan, Peter A Lazzarini",2020,Diabetes Metab. Res. Rev.,TRUE,7,2.62768571379837,0.99999999987523,7,,,1,0,0,0,1,0.75,FALSE,,32176447 32176451 32176438 31909547 31845547 31943705 32176443,177 92 169 174 ,No
172,10.1002/dmrr.3278,Performance of prognostic markers in the prediction of wound healing or amputation among patients with foot ulcers in diabetes: A systematic review.,"Rachael O Forsythe, Jan Apelqvist, Edward J Boyko, Robert Fitridge, Joon Pio Hong, Konstantinos Katsanos, Joseph L Mills, Sigrid Nikol, Jim Reekers, Maarit Venermo, R Eugene Zierler, Nicolaas C Schaper, Robert J Hinchliffe",2020,Diabetes Metab. Res. Rev.,TRUE,2,3.16428082969115,0.99999999987523,2,,,1,0,0,0,1,0.75,FALSE,,32176448 31958217,176 ,No
173,10.1002/dmrr.3249,"Diabetic foot disease: ""The Times They are A Changin' "".","Sicco A Bus, Jaap J van Netten, Matilde Monteiro-Soares, Benjamin A Lipsky, Nicolaas C Schaper",2020,Diabetes Metab. Res. Rev.,TRUE,1,11.8442552946661,0.99999999987523,1,,,1,0,0,0,1,0.5,FALSE,,32176443,92 84 73 177 171 55 174 53 ,No
174,10.1002/dmrr.3280,Guidelines on the diagnosis and treatment of foot infection in persons with diabetes (IWGDF 2019 update).,"Benjamin A Lipsky, Éric Senneville, Zulfiqarali G Abbas, Javier Aragón-Sánchez, Mathew Diggle, John M Embil, Shigeo Kono, Lawrence A Lavery, Matthew Malone, Suzanne A van Asten, Vilma Urbančič-Rovan, Edgar J G Peters",2020,Diabetes Metab. Res. Rev.,TRUE,8,2.91247177605676,0.99999999987523,8,,,1,0,0,0,1,0.95,FALSE,,31950555 31958217 32176441 32176437 32176451 32176443 31943705 32176447,168 ,No
175,10.1002/dmrr.3266,Practical Guidelines on the prevention and management of diabetic foot disease (IWGDF 2019 update).,"Nicolaas C Schaper, Jaap J van Netten, Jan Apelqvist, Sicco A Bus, Robert J Hinchliffe, Benjamin A Lipsky",2020,Diabetes Metab. Res. Rev.,TRUE,8,2.63389723598846,0.99999999987523,8,,,1,0,0,0,1,0.75,FALSE,,31944530 31958217 31833236 32176451 31845461 31943705 32183276 32176446,92 171 177 174 ,No
176,10.1002/dmrr.3277,Effectiveness of bedside investigations to diagnose peripheral artery disease among people with diabetes mellitus: A systematic review.,"Rachael O Forsythe, Jan Apelqvist, Edward J Boyko, Robert Fitridge, Joon Pio Hong, Konstantinos Katsanos, Joseph L Mills, Sigrid Nikol, Jim Reekers, Maarit Venermo, R Eugene Zierler, Nicolaas C Schaper, Robert J Hinchliffe",2020,Diabetes Metab. Res. Rev.,TRUE,2,3.05803483831363,0.99999999987523,2,,,1,0,0,0,1,0.75,FALSE,,32176442 31958217,172 92 ,No
177,10.1002/dmrr.3269,Guidelines on the prevention of foot ulcers in persons with diabetes (IWGDF 2019 update).,"Sicco A Bus, Lawrence A Lavery, Matilde Monteiro-Soares, Anne Rasmussen, Anita Raspovic, Isabel C N Sacco, Jaap J van Netten",2020,Diabetes Metab. Res. Rev.,TRUE,12,2.78622860259506,0.99999999987523,12,,,1,0,0,0,1,0.95,FALSE,,31944530 32218232 31957213 31845547 31909547 32176441 31833236 31957306 32176443 31851432 32176447 31943705,171 91 175 90 53 92 174 ,No
178,10.3390/jcm9030794,Differences in the Sub-Metatarsal Fat Pad Atrophy Symptoms between Patients with Metatarsal Head Resection and Those without Metatarsal Head Resection: A Cross-Sectional Study.,"Raúl Juan Molines-Barroso, Yolanda García-Álvarez, José Luis García-Klepzig, Esther García-Morales, Francisco Javier Álvaro-Afonso, José Luis Lázaro-Martínez",2020,J Clin Med,TRUE,0,,,0,,,1,0,0,0,1,0.05,FALSE,,,175 ,No
179,10.1136/bmjoq-2019-000801,Comparison of staff and resident health status ratings in care homes.,"Tim Benson, Clive Bowman",2020,BMJ Open Qual,TRUE,1,4.02170758023641,0.99999999987523,1,,,1,0,0,0,1,0.5,FALSE,,32198234,188 ,No
181,10.3390/ijerph17061971,Use of Electronic Cigarettes in European Populations: A Narrative Review.,"A Kapan, S Stefanac, I Sandner, S Haider, I Grabovac, T E Dorner",2020,Int J Environ Res Public Health,FALSE,0,,,0,,,1,0,0,0,1,0.05,FALSE,,,97 ,No
182,10.1007/s00402-020-03369-8,Salvage procedure after malunited distal radius fractures and management of pain and stiffness.,"Tina Keuchel-Strobl, S Quadlbauer, J Jurkowitsch, R Rosenauer, T Hausner, M Leixnering, Ch Pezzei",2020,Arch Orthop Trauma Surg,FALSE,8,1.39289611683237,0.99999999987523,8,,,1,0,0,0,1,0.75,FALSE,,32193681 32193680 32193677 32193682 32193672 32193674 32193675 32221705,183 184 ,No
183,10.1007/s00402-020-03365-y,"Indications, surgical approach, reduction, and stabilization techniques of distal radius fractures.","M Leixnering, R Rosenauer, Ch Pezzei, J Jurkowitsch, T Beer, T Keuchel, D Simon, T Hausner, S Quadlbauer",2020,Arch Orthop Trauma Surg,FALSE,8,1.36543976440593,0.99999999987523,8,,,1,0,0,0,1,0.75,FALSE,,32193681 32193680 32193682 32193672 32193673 32193674 32193675 32221705,184 182 ,No
184,10.1007/s00402-020-03405-7,Biomechanical considerations on a CT-based treatment-oriented classification in radius fractures.,"W Hintringer, R Rosenauer, Ch Pezzei, S Quadlbauer, J Jurkowitsch, T Keuchel, T Hausner, M Leixnering, H Krimmer",2020,Arch Orthop Trauma Surg,TRUE,6,1.35580576776685,0.99999999987523,6,,,1,0,0,0,1,0.5,FALSE,,32193680 32193677 32193672 32193673 32193674 32193675,183 182 ,No
185,10.1007/s13181-020-00765-9,"E-Cigarette, or Vaping, Product Use Associated Lung Injury (EVALI) with Acute Respiratory Failure in Three Adolescent Patients: a Clinical Timeline, Treatment, and Product Analysis.","Ramya Billa, Cody Tigges, Niranjan Vijayakumar, Joshua Radke, Caitlin Pedati, Rebecca Weiner, Daniel McCabe",2020,J Med Toxicol,TRUE,0,,,0,,,1,0,0,0,1,0.05,FALSE,,,18 ,No
186,10.1183/16000617.0145-2019,Clinical phenotyping: role in treatment decisions in sarcoidosis.,"Robert P Baughman, Mary Beth Scholand, Franck F Rahaghi",2020,Eur Respir Rev,FALSE,1,3.54979364453392,0.99999999987523,1,,,1,0,0,0,1,0.75,FALSE,,32198219,187 ,No
187,10.1183/16000617.0147-2019,Management of repository corticotrophin injection therapy for pulmonary sarcoidosis: a Delphi study.,"Franck F Rahaghi, Nadera J Sweiss, Lesley Ann Saketkoo, Mary Beth Scholand, Joseph B Barney, Alicia K Gerke, Elyse E Lower, Mehdi Mirsaeidi, Lanier O'Hare, Mark J Rumbak, Lobelia Samavati, Robert P Baughman",2020,Eur Respir Rev,FALSE,1,3.47234087247523,0.99999999987523,1,,,1,0,0,0,1,0.75,FALSE,,32198217,186 ,No
188,10.1136/bmjoq-2019-000789,Measure what we want: a taxonomy of short generic person-reported outcome and experience measures (PROMs and PREMs).,Tim Benson,2020,BMJ Open Qual,TRUE,1,1.88281473828804,0.99999999987523,1,,,1,0,0,0,1,0.75,FALSE,,32188739,179 ,No
189,10.1038/s41375-020-0773-5,"Safety and efficacy of talacotuzumab plus decitabine or decitabine alone in patients with acute myeloid leukemia not eligible for chemotherapy: results from a multicenter, randomized, phase 2/3 study.","Pau Montesinos, Gail J Roboz, Claude-Eric Bulabois, Marion Subklewe, Uwe Platzbecker, Yishai Ofran, Cristina Papayannidis, Agnieszka Wierzbowska, Ho Jin Shin, Vadim Doronin, Stefan Deneberg, Su-Peng Yeh, Mehmet Ali Ozcan, Steven Knapper, Jorge Cortes, Daniel A Pollyea, Gert Ossenkoppele, Sergio Giralt, Hartmut Döhner, Michael Heuser, Liang Xiu, Indrajeet Singh, Fei Huang, Julie S Larsen, Andrew H Wei",2020,Leukemia,TRUE,1,9.33408673601537,0.99999999987523,1,,,1,0,0,0,1,0.25,FALSE,,31796915,46 ,No
190,10.5014/ajot.2020.742004,Occupational Therapy Interventions for Older Adults With Low Vision.,"Stacy Smallfield, Jennifer Kaldenberg",2020,Am J Occup Ther,TRUE,2,2.36750642419203,0.99999999987523,2,,,1,0,0,0,1,0.75,FALSE,,32204789 32204790,191 ,No
191,10.5014/ajot.2020.742003,Occupational Therapy Practice Guidelines for Older Adults With Low Vision.,"Jennifer Kaldenberg, Stacy Smallfield",2020,Am J Occup Ther,TRUE,1,2.22111464262633,0.99999999987523,1,,,1,0,0,0,1,0.5,FALSE,,32204789,190 ,No
192,10.15585/mmwr.ss6903a1,"Early Identification of Autism Spectrum Disorder Among Children Aged 4 Years - Early Autism and Developmental Disabilities Monitoring Network, Six Sites, United States, 2016.","Kelly A Shaw, Matthew J Maenner, Jon Baio, Anita Washington, Deborah L Christensen, Lisa D Wiggins, Sydney Pettygrove, Jennifer G Andrews, Tiffany White, Cordelia Robinson Rosenberg, John N Constantino, Robert T Fitzgerald, Walter Zahorodny, Josephine Shenouda, Julie L Daniels, Angelica Salinas, Maureen S Durkin, Patricia M Dietz",2020,MMWR Surveill Summ,TRUE,1,4.04216123173762,0.99999999987523,1,,,1,0,0,0,1,0.5,FALSE,,32214087,193 ,No
193,10.15585/mmwr.ss6904a1,"Prevalence of Autism Spectrum Disorder Among Children Aged 8 Years - Autism and Developmental Disabilities Monitoring Network, 11 Sites, United States, 2016.","Matthew J Maenner, Kelly A Shaw, Jon Baio, Anita Washington, Mary Patrick, Monica DiRienzo, Deborah L Christensen, Lisa D Wiggins, Sydney Pettygrove, Jennifer G Andrews, Maya Lopez, Allison Hudson, Thaer Baroud, Yvette Schwenk, Tiffany White, Cordelia Robinson Rosenberg, Li-Ching Lee, Rebecca A Harrington, Margaret Huston, Amy Hewitt, Amy Esler, Jennifer Hall-Lande, Jenny N Poynter, Libby Hallas-Muchow, John N Constantino, Robert T Fitzgerald, Walter Zahorodny, Josephine Shenouda, Julie L Daniels, Zachary Warren, Alison Vehorn, Angelica Salinas, Maureen S Durkin, Patricia M Dietz",2020,MMWR Surveill Summ,TRUE,1,3.86577849158308,0.99999999987523,1,,,1,0,0,0,1,0.5,FALSE,,32214075,192 ,No
194,10.3390/jcm9040907,Importance of Footwear Outsole Rigidity in Improving Spatiotemporal Parameters in Patients with Diabetes and Previous Forefoot Ulcerations.,"M López-Moral, R J Molines-Barroso, F J Álvaro-Afonso, L Uccioli, E Senneville, J L Lázaro-Martínez",2020,J Clin Med,TRUE,0,,,0,,,1,0,0,0,1,0.05,FALSE,,,92 177 ,No
195,10.1007/s00402-020-03411-9,Functional and radiological outcome of distal radius fractures stabilized by volar-locking plate with a minimum follow-up of 1 year.,"Stefan Quadlbauer, Ch Pezzei, J Jurkowitsch, R Rosenauer, A Pichler, S Schättin, T Hausner, M Leixnering",2020,Arch Orthop Trauma Surg,TRUE,0,,,0,,,1,0,0,0,1,0.05,FALSE,,,182 183 ,No
196,10.1056/NEJMe2003031,How Un-POPular Is Bleeding in Patients with TAVI?,Frederick Feit,2020,N. Engl. J. Med.,FALSE,0,,,0,,,1,0,0,0,1,0.05,FALSE,,,33 32 ,No
197,10.1056/NEJMoa1915152,Anticoagulation with or without Clopidogrel after Transcatheter Aortic-Valve Implantation.,"Vincent J Nijenhuis, Jorn Brouwer, Ronak Delewi, Renicus S Hermanides, Wouter Holvoet, Christophe L F Dubois, Peter Frambach, Bernard De Bruyne, Gert K van Houwelingen, Jan A S Van Der Heyden, Petr Toušek, Frank van der Kley, Ian Buysschaert, Carl E Schotborgh, Bert Ferdinande, Pim van der Harst, John Roosen, Joyce Peper, Frederick W F Thielen, Leo Veenstra, Dean R P P Chan Pin Yin, Martin J Swaans, Benno J W M Rensing, Arnoud W J van 't Hof, Leo Timmers, Johannes C Kelder, Pieter R Stella, Jan Baan, Jurriën M Ten Berg",2020,N. Engl. J. Med.,TRUE,0,,,0,,,1,0,0,0,1,0.05,FALSE,,,32 ,No
198,10.1186/s12916-020-01528-7,Factors associated with the prescribing of high-dose opioids in primary care: a systematic review and meta-analysis.,"Georgia C Richards, Kamal R Mahtani, Tonny B Muthee, Nicholas J DeVito, Constantinos Koshiaris, Jeffrey K Aronson, Ben Goldacre, Carl J Heneghan",2020,BMC Med,TRUE,0,,,0,,,1,0,0,0,1,0.05,FALSE,,,42 ,No
199,10.3390/diagnostics10040183,A Finite Element Analysis Study from 3D CT to Predict Transcatheter Heart Valve Thrombosis.,"Francesco Nappi, Laura Mazzocchi, Irina Timofeva, Laurent Macron, Simone Morganti, Sanjeet Singh Avtaar Singh, David Attias, Antonio Congedo, Ferdinando Auricchio",2020,Diagnostics (Basel),TRUE,0,,,0,,,1,0,0,0,1,0.05,FALSE,,,33 ,No
200,10.3390/ijerph17072248,A Systematic Literature Review of E-Cigarette-Related Illness and Injury: Not Just for the Respirologist.,"Anna Tzortzi, Melpo Kapetanstrataki, Vaso Evangelopoulou, Panagiotis Beghrakis",2020,Int J Environ Res Public Health,FALSE,0,,,0,,,1,0,0,0,1,0.05,FALSE,,,18 62 17 96 61 97 98 ,No
201,10.9745/GHSP-D-19-00377,"Insights Into Provider Bias in Family Planning from a Novel Shared Decision Making Based Counseling Initiative in Rural, Indigenous Guatemala.","Meghna Nandi, Jillian Moore, Marcela Colom, Andrea Del Rosario Garcia Quezada, Anita Chary, Kirsten Austad",2020,Glob Health Sci Pract,FALSE,0,,,0,,,1,0,0,0,1,0.05,FALSE,,,30 ,No
202,10.3390/s20071888,Pilot Site Deployment of an IoT Solution for Older Adults' Early Behavior Change Detection.,"Hamdi Aloulou, Mounir Mokhtari, Bessam Abdulrazak",2020,Sensors (Basel),TRUE,0,,,0,,,1,0,0,0,1,0.05,FALSE,,,93 ,No
203,10.1007/s11899-020-00575-4,Artificial Intelligence in Hematology: Current Challenges and Opportunities.,"Nathan Radakovich, Matthew Nagy, Aziz Nazha",2020,Curr Hematol Malig Rep,FALSE,0,,,0,,,1,0,0,0,1,0.05,FALSE,,,107 ,No
204,10.1097/LGT.0000000000000528,"2019 ASCCP Risk-Based Management Consensus Guidelines: Methods for Risk Estimation, Recommended Management, and Validation.","Li C Cheung, Didem Egemen, Xiaojian Chen, Hormuzd A Katki, Maria Demarco, Amy L Wiser, Rebecca B Perkins, Richard S Guido, Nicolas Wentzensen, Mark Schiffman",2020,J Low Genit Tract Dis,TRUE,4,3.38447030690139,0.99999999987523,4,,,1,0,0,0,1,0.75,FALSE,,32243307 32243305 32243308 32243309,205 ,No
205,10.1097/LGT.0000000000000529,Risk Estimates Supporting the 2019 ASCCP Risk-Based Management Consensus Guidelines.,"Didem Egemen, Li C Cheung, Xiaojian Chen, Maria Demarco, Rebecca B Perkins, Walter Kinney, Nancy Poitras, Brian Befano, Alexander Locke, Richard S Guido, Amy L Wiser, Julia C Gage, Hormuzd A Katki, Nicolas Wentzensen, Philip E Castle, Mark Schiffman, Thomas S Lorey",2020,J Low Genit Tract Dis,TRUE,4,3.48955937792931,0.99999999987523,4,,,1,0,0,0,1,0.75,FALSE,,32243307 32243306 32243305 32243309,204 ,No
206,10.18332/tid/118719,Electronic cigarettes: Emerging trends and research hotspots.,"Qiang Zhang, Xinyue Fan, Yuanyi Yue, Rui Zheng",2020,Tob Induc Dis,TRUE,0,,,0,,,1,0,0,0,1,0.05,FALSE,,,18 ,No
207,10.7759/cureus.7421,Vaping: An Emerging Health Hazard.,Michael Oriakhi,2020,Cureus,FALSE,0,,,0,,,1,0,0,0,1,0.05,FALSE,,,18 ,No
